trafficLightId;x;y;z;type
1;-239.4139826387;-118.3820293309;0;3
2;-243.9676000478;-125.8325493541;0;3
